{
	"partitions" : [
		{
			"name" : "Top",
			"pins" : [
				{
					"name" : "DataAdr[0]",
					"strict" : false
				},
				{
					"name" : "DataAdr[1]",
					"strict" : false
				},
				{
					"name" : "DataAdr[2]",
					"strict" : false
				},
				{
					"name" : "DataAdr[3]",
					"strict" : false
				},
				{
					"name" : "DataAdr[4]",
					"strict" : false
				},
				{
					"name" : "DataAdr[5]",
					"strict" : false
				},
				{
					"name" : "DataAdr[6]",
					"strict" : false
				},
				{
					"name" : "DataAdr[7]",
					"strict" : false
				},
				{
					"name" : "DataAdr[8]",
					"strict" : false
				},
				{
					"name" : "DataAdr[9]",
					"strict" : false
				},
				{
					"name" : "DataAdr[10]",
					"strict" : false
				},
				{
					"name" : "DataAdr[11]",
					"strict" : false
				},
				{
					"name" : "DataAdr[12]",
					"strict" : false
				},
				{
					"name" : "DataAdr[13]",
					"strict" : false
				},
				{
					"name" : "DataAdr[14]",
					"strict" : false
				},
				{
					"name" : "DataAdr[15]",
					"strict" : false
				},
				{
					"name" : "DataAdr[16]",
					"strict" : false
				},
				{
					"name" : "DataAdr[17]",
					"strict" : false
				},
				{
					"name" : "DataAdr[18]",
					"strict" : false
				},
				{
					"name" : "DataAdr[19]",
					"strict" : false
				},
				{
					"name" : "DataAdr[20]",
					"strict" : false
				},
				{
					"name" : "DataAdr[21]",
					"strict" : false
				},
				{
					"name" : "DataAdr[22]",
					"strict" : false
				},
				{
					"name" : "DataAdr[23]",
					"strict" : false
				},
				{
					"name" : "DataAdr[24]",
					"strict" : false
				},
				{
					"name" : "DataAdr[25]",
					"strict" : false
				},
				{
					"name" : "DataAdr[26]",
					"strict" : false
				},
				{
					"name" : "DataAdr[27]",
					"strict" : false
				},
				{
					"name" : "DataAdr[28]",
					"strict" : false
				},
				{
					"name" : "DataAdr[29]",
					"strict" : false
				},
				{
					"name" : "DataAdr[30]",
					"strict" : false
				},
				{
					"name" : "DataAdr[31]",
					"strict" : false
				},
				{
					"name" : "WriteData[0]",
					"strict" : false
				},
				{
					"name" : "WriteData[1]",
					"strict" : false
				},
				{
					"name" : "WriteData[2]",
					"strict" : false
				},
				{
					"name" : "WriteData[3]",
					"strict" : false
				},
				{
					"name" : "WriteData[4]",
					"strict" : false
				},
				{
					"name" : "WriteData[5]",
					"strict" : false
				},
				{
					"name" : "WriteData[6]",
					"strict" : false
				},
				{
					"name" : "WriteData[7]",
					"strict" : false
				},
				{
					"name" : "WriteData[8]",
					"strict" : false
				},
				{
					"name" : "WriteData[9]",
					"strict" : false
				},
				{
					"name" : "WriteData[10]",
					"strict" : false
				},
				{
					"name" : "WriteData[11]",
					"strict" : false
				},
				{
					"name" : "WriteData[12]",
					"strict" : false
				},
				{
					"name" : "WriteData[13]",
					"strict" : false
				},
				{
					"name" : "WriteData[14]",
					"strict" : false
				},
				{
					"name" : "WriteData[15]",
					"strict" : false
				},
				{
					"name" : "WriteData[16]",
					"strict" : false
				},
				{
					"name" : "WriteData[17]",
					"strict" : false
				},
				{
					"name" : "WriteData[18]",
					"strict" : false
				},
				{
					"name" : "WriteData[19]",
					"strict" : false
				},
				{
					"name" : "WriteData[20]",
					"strict" : false
				},
				{
					"name" : "WriteData[21]",
					"strict" : false
				},
				{
					"name" : "WriteData[22]",
					"strict" : false
				},
				{
					"name" : "WriteData[23]",
					"strict" : false
				},
				{
					"name" : "WriteData[24]",
					"strict" : false
				},
				{
					"name" : "WriteData[25]",
					"strict" : false
				},
				{
					"name" : "WriteData[26]",
					"strict" : false
				},
				{
					"name" : "WriteData[27]",
					"strict" : false
				},
				{
					"name" : "WriteData[28]",
					"strict" : false
				},
				{
					"name" : "WriteData[29]",
					"strict" : false
				},
				{
					"name" : "WriteData[30]",
					"strict" : false
				},
				{
					"name" : "WriteData[31]",
					"strict" : false
				},
				{
					"name" : "vsync",
					"strict" : false
				},
				{
					"name" : "hsync",
					"strict" : false
				},
				{
					"name" : "blank",
					"strict" : false
				},
				{
					"name" : "r[0]",
					"strict" : false
				},
				{
					"name" : "r[1]",
					"strict" : false
				},
				{
					"name" : "r[2]",
					"strict" : false
				},
				{
					"name" : "r[3]",
					"strict" : false
				},
				{
					"name" : "r[4]",
					"strict" : false
				},
				{
					"name" : "r[5]",
					"strict" : false
				},
				{
					"name" : "r[6]",
					"strict" : false
				},
				{
					"name" : "r[7]",
					"strict" : false
				},
				{
					"name" : "g[0]",
					"strict" : false
				},
				{
					"name" : "g[1]",
					"strict" : false
				},
				{
					"name" : "g[2]",
					"strict" : false
				},
				{
					"name" : "g[3]",
					"strict" : false
				},
				{
					"name" : "g[4]",
					"strict" : false
				},
				{
					"name" : "g[5]",
					"strict" : false
				},
				{
					"name" : "g[6]",
					"strict" : false
				},
				{
					"name" : "g[7]",
					"strict" : false
				},
				{
					"name" : "b[0]",
					"strict" : false
				},
				{
					"name" : "b[1]",
					"strict" : false
				},
				{
					"name" : "b[2]",
					"strict" : false
				},
				{
					"name" : "b[3]",
					"strict" : false
				},
				{
					"name" : "b[4]",
					"strict" : false
				},
				{
					"name" : "b[5]",
					"strict" : false
				},
				{
					"name" : "b[6]",
					"strict" : false
				},
				{
					"name" : "b[7]",
					"strict" : false
				},
				{
					"name" : "vga_clk",
					"strict" : false
				},
				{
					"name" : "LED[0]",
					"strict" : false
				},
				{
					"name" : "LED[1]",
					"strict" : false
				},
				{
					"name" : "LED[2]",
					"strict" : false
				},
				{
					"name" : "LED[3]",
					"strict" : false
				},
				{
					"name" : "LED[4]",
					"strict" : false
				},
				{
					"name" : "LED[5]",
					"strict" : false
				},
				{
					"name" : "LED[6]",
					"strict" : false
				},
				{
					"name" : "LED[7]",
					"strict" : false
				},
				{
					"name" : "press",
					"strict" : false
				},
				{
					"name" : "codeword[0]",
					"strict" : false
				},
				{
					"name" : "codeword[1]",
					"strict" : false
				},
				{
					"name" : "codeword[2]",
					"strict" : false
				},
				{
					"name" : "codeword[3]",
					"strict" : false
				},
				{
					"name" : "codeword[4]",
					"strict" : false
				},
				{
					"name" : "codeword[5]",
					"strict" : false
				},
				{
					"name" : "codeword[6]",
					"strict" : false
				},
				{
					"name" : "codeword[7]",
					"strict" : false
				},
				{
					"name" : "sevenseg1[6]",
					"strict" : false
				},
				{
					"name" : "sevenseg1[5]",
					"strict" : false
				},
				{
					"name" : "sevenseg1[4]",
					"strict" : false
				},
				{
					"name" : "sevenseg1[3]",
					"strict" : false
				},
				{
					"name" : "sevenseg1[2]",
					"strict" : false
				},
				{
					"name" : "sevenseg1[1]",
					"strict" : false
				},
				{
					"name" : "sevenseg1[0]",
					"strict" : false
				},
				{
					"name" : "sevenseg2[6]",
					"strict" : false
				},
				{
					"name" : "sevenseg2[5]",
					"strict" : false
				},
				{
					"name" : "sevenseg2[4]",
					"strict" : false
				},
				{
					"name" : "sevenseg2[3]",
					"strict" : false
				},
				{
					"name" : "sevenseg2[2]",
					"strict" : false
				},
				{
					"name" : "sevenseg2[1]",
					"strict" : false
				},
				{
					"name" : "sevenseg2[0]",
					"strict" : false
				},
				{
					"name" : "clk",
					"strict" : false
				},
				{
					"name" : "reset",
					"strict" : false
				},
				{
					"name" : "in1",
					"strict" : false
				},
				{
					"name" : "PS2_CLK",
					"strict" : false
				},
				{
					"name" : "PS2_DATA",
					"strict" : false
				}
			]
		}
	]
}