{
	"partitions" : [
		{
			"name" : "Top",
			"pins" : [
				{
					"name" : "LED[0]",
					"strict" : false
				},
				{
					"name" : "LED[1]",
					"strict" : false
				},
				{
					"name" : "LED[2]",
					"strict" : false
				},
				{
					"name" : "LED[3]",
					"strict" : false
				},
				{
					"name" : "LED[4]",
					"strict" : false
				},
				{
					"name" : "LED[5]",
					"strict" : false
				},
				{
					"name" : "LED[6]",
					"strict" : false
				},
				{
					"name" : "LED[7]",
					"strict" : false
				},
				{
					"name" : "press",
					"strict" : false
				},
				{
					"name" : "codeword[0]",
					"strict" : false
				},
				{
					"name" : "codeword[1]",
					"strict" : false
				},
				{
					"name" : "codeword[2]",
					"strict" : false
				},
				{
					"name" : "codeword[3]",
					"strict" : false
				},
				{
					"name" : "codeword[4]",
					"strict" : false
				},
				{
					"name" : "codeword[5]",
					"strict" : false
				},
				{
					"name" : "codeword[6]",
					"strict" : false
				},
				{
					"name" : "codeword[7]",
					"strict" : false
				},
				{
					"name" : "sevenseg1[6]",
					"strict" : false
				},
				{
					"name" : "sevenseg1[5]",
					"strict" : false
				},
				{
					"name" : "sevenseg1[4]",
					"strict" : false
				},
				{
					"name" : "sevenseg1[3]",
					"strict" : false
				},
				{
					"name" : "sevenseg1[2]",
					"strict" : false
				},
				{
					"name" : "sevenseg1[1]",
					"strict" : false
				},
				{
					"name" : "sevenseg1[0]",
					"strict" : false
				},
				{
					"name" : "sevenseg2[6]",
					"strict" : false
				},
				{
					"name" : "sevenseg2[5]",
					"strict" : false
				},
				{
					"name" : "sevenseg2[4]",
					"strict" : false
				},
				{
					"name" : "sevenseg2[3]",
					"strict" : false
				},
				{
					"name" : "sevenseg2[2]",
					"strict" : false
				},
				{
					"name" : "sevenseg2[1]",
					"strict" : false
				},
				{
					"name" : "sevenseg2[0]",
					"strict" : false
				},
				{
					"name" : "CLK",
					"strict" : false
				},
				{
					"name" : "PS2_CLK",
					"strict" : false
				},
				{
					"name" : "PS2_DATA",
					"strict" : false
				}
			]
		}
	]
}