{
	"partitions" : [
		{
			"name" : "Top",
			"pins" : [
				{
					"name" : "vsync",
					"strict" : false
				},
				{
					"name" : "hsync",
					"strict" : false
				},
				{
					"name" : "blank",
					"strict" : false
				},
				{
					"name" : "r[0]",
					"strict" : false
				},
				{
					"name" : "r[1]",
					"strict" : false
				},
				{
					"name" : "r[2]",
					"strict" : false
				},
				{
					"name" : "r[3]",
					"strict" : false
				},
				{
					"name" : "r[4]",
					"strict" : false
				},
				{
					"name" : "r[5]",
					"strict" : false
				},
				{
					"name" : "r[6]",
					"strict" : false
				},
				{
					"name" : "r[7]",
					"strict" : false
				},
				{
					"name" : "g[0]",
					"strict" : false
				},
				{
					"name" : "g[1]",
					"strict" : false
				},
				{
					"name" : "g[2]",
					"strict" : false
				},
				{
					"name" : "g[3]",
					"strict" : false
				},
				{
					"name" : "g[4]",
					"strict" : false
				},
				{
					"name" : "g[5]",
					"strict" : false
				},
				{
					"name" : "g[6]",
					"strict" : false
				},
				{
					"name" : "g[7]",
					"strict" : false
				},
				{
					"name" : "b[0]",
					"strict" : false
				},
				{
					"name" : "b[1]",
					"strict" : false
				},
				{
					"name" : "b[2]",
					"strict" : false
				},
				{
					"name" : "b[3]",
					"strict" : false
				},
				{
					"name" : "b[4]",
					"strict" : false
				},
				{
					"name" : "b[5]",
					"strict" : false
				},
				{
					"name" : "b[6]",
					"strict" : false
				},
				{
					"name" : "b[7]",
					"strict" : false
				},
				{
					"name" : "vga_clk",
					"strict" : false
				},
				{
					"name" : "reset",
					"strict" : false
				},
				{
					"name" : "in1",
					"strict" : false
				},
				{
					"name" : "clk",
					"strict" : false
				}
			]
		}
	]
}